enrollment_id,fk_student_id,fk_course_id,fk_semester_id,grade,status
ENR_0,STU_85,COURSE_21,SEM_5,D,Completed
ENR_1,STU_63,COURSE_15,SEM_3,A,Completed
ENR_2,STU_51,COURSE_12,SEM_3,B,Completed
ENR_3,STU_26,COURSE_6,SEM_1,C,Completed
ENR_4,STU_30,COURSE_7,SEM_1,B,Completed
ENR_5,STU_4,COURSE_1,SEM_0,W,Withdrawn
ENR_6,STU_7,COURSE_1,SEM_0,A,Completed
ENR_7,STU_1,COURSE_0,SEM_0,B,Completed
ENR_8,STU_17,COURSE_4,SEM_1,B,Completed
ENR_9,STU_81,COURSE_20,SEM_4,B,Completed
ENR_10,STU_64,COURSE_16,SEM_3,B,Completed
ENR_11,STU_91,COURSE_22,SEM_5,A,Completed
ENR_12,STU_50,COURSE_12,SEM_3,C,Completed
ENR_13,STU_60,COURSE_15,SEM_3,B,Completed
ENR_14,STU_97,COURSE_24,SEM_5,C,Completed
ENR_15,STU_72,COURSE_18,SEM_4,B,Completed
ENR_16,STU_63,COURSE_15,SEM_3,F,Failed
ENR_17,STU_54,COURSE_13,SEM_3,F,Failed
ENR_18,STU_55,COURSE_13,SEM_3,B,Completed
ENR_19,STU_93,COURSE_23,SEM_5,C,Completed
ENR_20,STU_27,COURSE_6,SEM_1,A,Completed
ENR_21,STU_81,COURSE_20,SEM_4,B,Completed
ENR_22,STU_67,COURSE_16,SEM_4,B,Completed
ENR_23,STU_0,COURSE_0,SEM_0,A,Completed
ENR_24,STU_39,COURSE_9,SEM_2,A,Completed
ENR_25,STU_85,COURSE_21,SEM_5,A,Completed
ENR_26,STU_55,COURSE_13,SEM_3,F,Failed
ENR_27,STU_3,COURSE_0,SEM_0,A,Completed
ENR_28,STU_76,COURSE_19,SEM_4,B,Completed
ENR_29,STU_72,COURSE_18,SEM_4,A,Completed
ENR_30,STU_84,COURSE_21,SEM_5,F,Failed
ENR_31,STU_17,COURSE_4,SEM_1,B,Completed
ENR_32,STU_8,COURSE_2,SEM_0,B,Completed
ENR_33,STU_86,COURSE_21,SEM_5,W,Withdrawn
ENR_34,STU_2,COURSE_0,SEM_0,C,Completed
ENR_35,STU_54,COURSE_13,SEM_3,A,Completed
ENR_36,STU_8,COURSE_2,SEM_0,A,Completed
ENR_37,STU_29,COURSE_7,SEM_1,A,Completed
ENR_38,STU_48,COURSE_12,SEM_2,B,Completed
ENR_39,STU_42,COURSE_10,SEM_2,W,Withdrawn
ENR_40,STU_40,COURSE_10,SEM_2,C,Completed
ENR_41,STU_2,COURSE_0,SEM_0,A,Completed
ENR_42,STU_0,COURSE_0,SEM_0,B,Completed
ENR_43,STU_12,COURSE_3,SEM_0,W,Withdrawn
ENR_44,STU_0,COURSE_0,SEM_0,C,Completed
ENR_45,STU_67,COURSE_16,SEM_4,B,Completed
ENR_46,STU_52,COURSE_13,SEM_3,C,Completed
ENR_47,STU_64,COURSE_16,SEM_3,A,Completed
ENR_48,STU_25,COURSE_6,SEM_1,B,Completed
ENR_49,STU_61,COURSE_15,SEM_3,B,Completed
ENR_50,STU_76,COURSE_19,SEM_4,F,Failed
ENR_51,STU_38,COURSE_9,SEM_2,D,Completed
ENR_52,STU_46,COURSE_11,SEM_2,B,Completed
ENR_53,STU_99,COURSE_24,SEM_5,C,Completed
ENR_54,STU_80,COURSE_20,SEM_4,D,Completed
ENR_55,STU_98,COURSE_24,SEM_5,C,Completed
ENR_56,STU_37,COURSE_9,SEM_2,B,Completed
ENR_57,STU_68,COURSE_17,SEM_4,C,Completed
ENR_58,STU_95,COURSE_23,SEM_5,B,Completed
ENR_59,STU_65,COURSE_16,SEM_3,C,Completed
ENR_60,STU_84,COURSE_21,SEM_5,F,Failed
ENR_61,STU_68,COURSE_17,SEM_4,C,Completed
ENR_62,STU_70,COURSE_17,SEM_4,F,Failed
ENR_63,STU_38,COURSE_9,SEM_2,W,Withdrawn
ENR_64,STU_87,COURSE_21,SEM_5,C,Completed
ENR_65,STU_13,COURSE_3,SEM_0,F,Failed
ENR_66,STU_57,COURSE_14,SEM_3,D,Completed
ENR_67,STU_72,COURSE_18,SEM_4,W,Withdrawn
ENR_68,STU_84,COURSE_21,SEM_5,W,Withdrawn
ENR_69,STU_52,COURSE_13,SEM_3,D,Completed
ENR_70,STU_37,COURSE_9,SEM_2,B,Completed
ENR_71,STU_31,COURSE_7,SEM_1,C,Completed
ENR_72,STU_42,COURSE_10,SEM_2,B,Completed
ENR_73,STU_48,COURSE_12,SEM_2,D,Completed
ENR_74,STU_71,COURSE_17,SEM_4,A,Completed
ENR_75,STU_88,COURSE_22,SEM_5,D,Completed
ENR_76,STU_7,COURSE_1,SEM_0,B,Completed
ENR_77,STU_93,COURSE_23,SEM_5,C,Completed
ENR_78,STU_53,COURSE_13,SEM_3,W,Withdrawn
ENR_79,STU_35,COURSE_8,SEM_2,B,Completed
ENR_80,STU_67,COURSE_16,SEM_4,B,Completed
ENR_81,STU_57,COURSE_14,SEM_3,C,Completed
ENR_82,STU_25,COURSE_6,SEM_1,A,Completed
ENR_83,STU_32,COURSE_8,SEM_1,B,Completed
ENR_84,STU_71,COURSE_17,SEM_4,C,Completed
ENR_85,STU_59,COURSE_14,SEM_3,A,Completed
ENR_86,STU_50,COURSE_12,SEM_3,B,Completed
ENR_87,STU_33,COURSE_8,SEM_2,D,Completed
ENR_88,STU_76,COURSE_19,SEM_4,A,Completed
ENR_89,STU_39,COURSE_9,SEM_2,A,Completed
ENR_90,STU_32,COURSE_8,SEM_1,F,Failed
ENR_91,STU_89,COURSE_22,SEM_5,B,Completed
ENR_92,STU_26,COURSE_6,SEM_1,C,Completed
ENR_93,STU_22,COURSE_5,SEM_1,F,Failed
ENR_94,STU_71,COURSE_17,SEM_4,B,Completed
ENR_95,STU_62,COURSE_15,SEM_3,A,Completed
ENR_96,STU_4,COURSE_1,SEM_0,F,Failed
ENR_97,STU_8,COURSE_2,SEM_0,C,Completed
ENR_98,STU_37,COURSE_9,SEM_2,C,Completed
ENR_99,STU_83,COURSE_20,SEM_4,D,Completed
ENR_100,STU_40,COURSE_10,SEM_2,W,Withdrawn
ENR_101,STU_78,COURSE_19,SEM_4,W,Withdrawn
ENR_102,STU_31,COURSE_7,SEM_1,A,Completed
ENR_103,STU_23,COURSE_5,SEM_1,B,Completed
ENR_104,STU_79,COURSE_19,SEM_4,B,Completed
ENR_105,STU_87,COURSE_21,SEM_5,A,Completed
ENR_106,STU_7,COURSE_1,SEM_0,A,Completed
ENR_107,STU_5,COURSE_1,SEM_0,D,Completed
ENR_108,STU_67,COURSE_16,SEM_4,C,Completed
ENR_109,STU_33,COURSE_8,SEM_2,A,Completed
ENR_110,STU_57,COURSE_14,SEM_3,B,Completed
ENR_111,STU_15,COURSE_3,SEM_0,A,Completed
ENR_112,STU_86,COURSE_21,SEM_5,C,Completed
ENR_113,STU_45,COURSE_11,SEM_2,B,Completed
ENR_114,STU_89,COURSE_22,SEM_5,B,Completed
ENR_115,STU_79,COURSE_19,SEM_4,A,Completed
ENR_116,STU_70,COURSE_17,SEM_4,F,Failed
ENR_117,STU_23,COURSE_5,SEM_1,F,Failed
ENR_118,STU_76,COURSE_19,SEM_4,C,Completed
ENR_119,STU_5,COURSE_1,SEM_0,A,Completed
ENR_120,STU_57,COURSE_14,SEM_3,C,Completed
ENR_121,STU_40,COURSE_10,SEM_2,W,Withdrawn
ENR_122,STU_99,COURSE_24,SEM_5,B,Completed
ENR_123,STU_19,COURSE_4,SEM_1,C,Completed
ENR_124,STU_94,COURSE_23,SEM_5,A,Completed
ENR_125,STU_9,COURSE_2,SEM_0,A,Completed
ENR_126,STU_62,COURSE_15,SEM_3,B,Completed
ENR_127,STU_58,COURSE_14,SEM_3,A,Completed
ENR_128,STU_89,COURSE_22,SEM_5,A,Completed
ENR_129,STU_29,COURSE_7,SEM_1,B,Completed
ENR_130,STU_90,COURSE_22,SEM_5,C,Completed
ENR_131,STU_67,COURSE_16,SEM_4,A,Completed
ENR_132,STU_89,COURSE_22,SEM_5,B,Completed
ENR_133,STU_19,COURSE_4,SEM_1,B,Completed
ENR_134,STU_75,COURSE_18,SEM_4,B,Completed
ENR_135,STU_94,COURSE_23,SEM_5,C,Completed
ENR_136,STU_4,COURSE_1,SEM_0,A,Completed
ENR_137,STU_36,COURSE_9,SEM_2,B,Completed
ENR_138,STU_63,COURSE_15,SEM_3,B,Completed
ENR_139,STU_10,COURSE_2,SEM_0,B,Completed
ENR_140,STU_51,COURSE_12,SEM_3,C,Completed
ENR_141,STU_62,COURSE_15,SEM_3,C,Completed
ENR_142,STU_76,COURSE_19,SEM_4,A,Completed
ENR_143,STU_92,COURSE_23,SEM_5,C,Completed
ENR_144,STU_40,COURSE_10,SEM_2,B,Completed
ENR_145,STU_44,COURSE_11,SEM_2,W,Withdrawn
ENR_146,STU_47,COURSE_11,SEM_2,B,Completed
ENR_147,STU_95,COURSE_23,SEM_5,D,Completed
ENR_148,STU_19,COURSE_4,SEM_1,A,Completed
ENR_149,STU_49,COURSE_12,SEM_2,C,Completed
ENR_150,STU_4,COURSE_1,SEM_0,W,Withdrawn
ENR_151,STU_42,COURSE_10,SEM_2,C,Completed
ENR_152,STU_94,COURSE_23,SEM_5,B,Completed
ENR_153,STU_62,COURSE_15,SEM_3,B,Completed
ENR_154,STU_34,COURSE_8,SEM_2,B,Completed
ENR_155,STU_99,COURSE_24,SEM_5,A,Completed
ENR_156,STU_60,COURSE_15,SEM_3,W,Withdrawn
ENR_157,STU_94,COURSE_23,SEM_5,C,Completed
ENR_158,STU_1,COURSE_0,SEM_0,A,Completed
ENR_159,STU_46,COURSE_11,SEM_2,B,Completed
ENR_160,STU_83,COURSE_20,SEM_5,A,Completed
ENR_161,STU_75,COURSE_18,SEM_4,A,Completed
ENR_162,STU_40,COURSE_10,SEM_2,C,Completed
ENR_163,STU_49,COURSE_12,SEM_2,C,Completed
ENR_164,STU_42,COURSE_10,SEM_2,D,Completed
ENR_165,STU_52,COURSE_13,SEM_3,A,Completed
ENR_166,STU_23,COURSE_5,SEM_1,B,Completed
ENR_167,STU_78,COURSE_19,SEM_4,C,Completed
ENR_168,STU_7,COURSE_1,SEM_0,C,Completed
ENR_169,STU_41,COURSE_10,SEM_2,B,Completed
ENR_170,STU_28,COURSE_7,SEM_1,F,Failed
ENR_171,STU_73,COURSE_18,SEM_4,A,Completed
ENR_172,STU_74,COURSE_18,SEM_4,B,Completed
ENR_173,STU_71,COURSE_17,SEM_4,A,Completed
ENR_174,STU_92,COURSE_23,SEM_5,F,Failed
ENR_175,STU_93,COURSE_23,SEM_5,C,Completed
ENR_176,STU_18,COURSE_4,SEM_1,F,Failed
ENR_177,STU_11,COURSE_2,SEM_0,D,Completed
ENR_178,STU_13,COURSE_3,SEM_0,C,Completed
ENR_179,STU_72,COURSE_18,SEM_4,A,Completed
ENR_180,STU_97,COURSE_24,SEM_5,B,Completed
ENR_181,STU_92,COURSE_23,SEM_5,F,Failed
ENR_182,STU_66,COURSE_16,SEM_4,A,Completed
ENR_183,STU_96,COURSE_24,SEM_5,F,Failed
ENR_184,STU_87,COURSE_21,SEM_5,C,Completed
ENR_185,STU_1,COURSE_0,SEM_0,A,Completed
ENR_186,STU_11,COURSE_2,SEM_0,B,Completed
ENR_187,STU_86,COURSE_21,SEM_5,F,Failed
ENR_188,STU_8,COURSE_2,SEM_0,B,Completed
ENR_189,STU_98,COURSE_24,SEM_5,B,Completed
ENR_190,STU_82,COURSE_20,SEM_4,D,Completed
ENR_191,STU_95,COURSE_23,SEM_5,C,Completed
ENR_192,STU_36,COURSE_9,SEM_2,A,Completed
ENR_193,STU_14,COURSE_3,SEM_0,F,Failed
ENR_194,STU_51,COURSE_12,SEM_3,B,Completed
ENR_195,STU_97,COURSE_24,SEM_5,B,Completed
ENR_196,STU_36,COURSE_9,SEM_2,F,Failed
ENR_197,STU_88,COURSE_22,SEM_5,W,Withdrawn
ENR_198,STU_38,COURSE_9,SEM_2,B,Completed
ENR_199,STU_82,COURSE_20,SEM_4,B,Completed
ENR_200,STU_22,COURSE_5,SEM_1,A,Completed
ENR_201,STU_47,COURSE_11,SEM_2,F,Failed
ENR_202,STU_32,COURSE_8,SEM_1,W,Withdrawn
ENR_203,STU_23,COURSE_5,SEM_1,C,Completed
ENR_204,STU_89,COURSE_22,SEM_5,B,Completed
ENR_205,STU_80,COURSE_20,SEM_4,W,Withdrawn
ENR_206,STU_13,COURSE_3,SEM_0,F,Failed
ENR_207,STU_92,COURSE_23,SEM_5,B,Completed
ENR_208,STU_97,COURSE_24,SEM_5,F,Failed
ENR_209,STU_26,COURSE_6,SEM_1,B,Completed
ENR_210,STU_42,COURSE_10,SEM_2,W,Withdrawn
ENR_211,STU_53,COURSE_13,SEM_3,B,Completed
ENR_212,STU_65,COURSE_16,SEM_3,A,Completed
ENR_213,STU_44,COURSE_11,SEM_2,A,Completed
ENR_214,STU_14,COURSE_3,SEM_0,W,Withdrawn
ENR_215,STU_93,COURSE_23,SEM_5,B,Completed
ENR_216,STU_69,COURSE_17,SEM_4,D,Completed
ENR_217,STU_4,COURSE_1,SEM_0,D,Completed
ENR_218,STU_81,COURSE_20,SEM_4,D,Completed
ENR_219,STU_73,COURSE_18,SEM_4,B,Completed
ENR_220,STU_18,COURSE_4,SEM_1,B,Completed
ENR_221,STU_61,COURSE_15,SEM_3,A,Completed
ENR_222,STU_50,COURSE_12,SEM_3,C,Completed
ENR_223,STU_2,COURSE_0,SEM_0,C,Completed
ENR_224,STU_92,COURSE_23,SEM_5,B,Completed
ENR_225,STU_71,COURSE_17,SEM_4,W,Withdrawn
ENR_226,STU_31,COURSE_7,SEM_1,F,Failed
ENR_227,STU_1,COURSE_0,SEM_0,F,Failed
ENR_228,STU_9,COURSE_2,SEM_0,D,Completed
ENR_229,STU_75,COURSE_18,SEM_4,B,Completed
ENR_230,STU_14,COURSE_3,SEM_0,W,Withdrawn
ENR_231,STU_51,COURSE_12,SEM_3,B,Completed
ENR_232,STU_89,COURSE_22,SEM_5,B,Completed
ENR_233,STU_92,COURSE_23,SEM_5,W,Withdrawn
ENR_234,STU_26,COURSE_6,SEM_1,C,Completed
ENR_235,STU_6,COURSE_1,SEM_0,F,Failed
ENR_236,STU_49,COURSE_12,SEM_2,F,Failed
ENR_237,STU_84,COURSE_21,SEM_5,B,Completed
ENR_238,STU_62,COURSE_15,SEM_3,B,Completed
ENR_239,STU_6,COURSE_1,SEM_0,A,Completed
ENR_240,STU_65,COURSE_16,SEM_3,B,Completed
ENR_241,STU_34,COURSE_8,SEM_2,C,Completed
ENR_242,STU_22,COURSE_5,SEM_1,A,Completed
ENR_243,STU_43,COURSE_10,SEM_2,F,Failed
ENR_244,STU_87,COURSE_21,SEM_5,B,Completed
ENR_245,STU_96,COURSE_24,SEM_5,A,Completed
ENR_246,STU_14,COURSE_3,SEM_0,F,Failed
ENR_247,STU_56,COURSE_14,SEM_3,C,Completed
ENR_248,STU_76,COURSE_19,SEM_4,C,Completed
ENR_249,STU_25,COURSE_6,SEM_1,W,Withdrawn
ENR_250,STU_27,COURSE_6,SEM_1,A,Completed
ENR_251,STU_24,COURSE_6,SEM_1,B,Completed
ENR_252,STU_20,COURSE_5,SEM_1,C,Completed
ENR_253,STU_88,COURSE_22,SEM_5,A,Completed
ENR_254,STU_21,COURSE_5,SEM_1,B,Completed
ENR_255,STU_22,COURSE_5,SEM_1,C,Completed
ENR_256,STU_12,COURSE_3,SEM_0,C,Completed
ENR_257,STU_12,COURSE_3,SEM_0,F,Failed
ENR_258,STU_77,COURSE_19,SEM_4,W,Withdrawn
ENR_259,STU_28,COURSE_7,SEM_1,B,Completed
ENR_260,STU_80,COURSE_20,SEM_4,B,Completed
ENR_261,STU_58,COURSE_14,SEM_3,B,Completed
ENR_262,STU_85,COURSE_21,SEM_5,F,Failed
ENR_263,STU_55,COURSE_13,SEM_3,B,Completed
ENR_264,STU_76,COURSE_19,SEM_4,B,Completed
ENR_265,STU_80,COURSE_20,SEM_4,B,Completed
ENR_266,STU_6,COURSE_1,SEM_0,B,Completed
ENR_267,STU_56,COURSE_14,SEM_3,B,Completed
ENR_268,STU_45,COURSE_11,SEM_2,W,Withdrawn
ENR_269,STU_28,COURSE_7,SEM_1,F,Failed
ENR_270,STU_45,COURSE_11,SEM_2,C,Completed
ENR_271,STU_41,COURSE_10,SEM_2,F,Failed
ENR_272,STU_49,COURSE_12,SEM_2,B,Completed
ENR_273,STU_81,COURSE_20,SEM_4,B,Completed
ENR_274,STU_82,COURSE_20,SEM_4,A,Completed
ENR_275,STU_62,COURSE_15,SEM_3,A,Completed
ENR_276,STU_71,COURSE_17,SEM_4,B,Completed
ENR_277,STU_95,COURSE_23,SEM_5,D,Completed
ENR_278,STU_63,COURSE_15,SEM_3,B,Completed
ENR_279,STU_36,COURSE_9,SEM_2,B,Completed
ENR_280,STU_8,COURSE_2,SEM_0,A,Completed
ENR_281,STU_55,COURSE_13,SEM_3,W,Withdrawn
ENR_282,STU_23,COURSE_5,SEM_1,A,Completed
ENR_283,STU_59,COURSE_14,SEM_3,W,Withdrawn
ENR_284,STU_2,COURSE_0,SEM_0,B,Completed
ENR_285,STU_84,COURSE_21,SEM_5,C,Completed
ENR_286,STU_94,COURSE_23,SEM_5,F,Failed
ENR_287,STU_14,COURSE_3,SEM_0,F,Failed
ENR_288,STU_81,COURSE_20,SEM_4,C,Completed
ENR_289,STU_40,COURSE_10,SEM_2,C,Completed
ENR_290,STU_4,COURSE_1,SEM_0,A,Completed
ENR_291,STU_90,COURSE_22,SEM_5,B,Completed
ENR_292,STU_94,COURSE_23,SEM_5,W,Withdrawn
ENR_293,STU_4,COURSE_1,SEM_0,B,Completed
ENR_294,STU_59,COURSE_14,SEM_3,A,Completed
ENR_295,STU_82,COURSE_20,SEM_4,B,Completed
ENR_296,STU_78,COURSE_19,SEM_4,F,Failed
ENR_297,STU_41,COURSE_10,SEM_2,A,Completed
ENR_298,STU_85,COURSE_21,SEM_5,A,Completed
ENR_299,STU_82,COURSE_20,SEM_4,W,Withdrawn
ENR_300,STU_11,COURSE_2,SEM_0,F,Failed
ENR_301,STU_0,COURSE_0,SEM_0,B,Completed
ENR_302,STU_10,COURSE_2,SEM_0,D,Completed
ENR_303,STU_36,COURSE_9,SEM_2,F,Failed
ENR_304,STU_10,COURSE_2,SEM_0,A,Completed
ENR_305,STU_7,COURSE_1,SEM_0,F,Failed
ENR_306,STU_25,COURSE_6,SEM_1,A,Completed
ENR_307,STU_65,COURSE_16,SEM_3,A,Completed
ENR_308,STU_52,COURSE_13,SEM_3,C,Completed
ENR_309,STU_27,COURSE_6,SEM_1,C,Completed
ENR_310,STU_95,COURSE_23,SEM_5,C,Completed
ENR_311,STU_70,COURSE_17,SEM_4,A,Completed
ENR_312,STU_63,COURSE_15,SEM_3,B,Completed
ENR_313,STU_94,COURSE_23,SEM_5,A,Completed
ENR_314,STU_78,COURSE_19,SEM_4,B,Completed
ENR_315,STU_12,COURSE_3,SEM_0,D,Completed
ENR_316,STU_3,COURSE_0,SEM_0,B,Completed
ENR_317,STU_86,COURSE_21,SEM_5,C,Completed
ENR_318,STU_40,COURSE_10,SEM_2,B,Completed
ENR_319,STU_5,COURSE_1,SEM_0,C,Completed
ENR_320,STU_47,COURSE_11,SEM_2,A,Completed
ENR_321,STU_38,COURSE_9,SEM_2,A,Completed
ENR_322,STU_43,COURSE_10,SEM_2,F,Failed
ENR_323,STU_42,COURSE_10,SEM_2,C,Completed
ENR_324,STU_31,COURSE_7,SEM_1,B,Completed
ENR_325,STU_48,COURSE_12,SEM_2,C,Completed
ENR_326,STU_49,COURSE_12,SEM_2,F,Failed
ENR_327,STU_97,COURSE_24,SEM_5,A,Completed
ENR_328,STU_69,COURSE_17,SEM_4,B,Completed
ENR_329,STU_77,COURSE_19,SEM_4,C,Completed
ENR_330,STU_0,COURSE_0,SEM_0,B,Completed
ENR_331,STU_30,COURSE_7,SEM_1,W,Withdrawn
ENR_332,STU_98,COURSE_24,SEM_5,C,Completed
ENR_333,STU_26,COURSE_6,SEM_1,W,Withdrawn
ENR_334,STU_50,COURSE_12,SEM_3,F,Failed
ENR_335,STU_86,COURSE_21,SEM_5,B,Completed
ENR_336,STU_63,COURSE_15,SEM_3,B,Completed
ENR_337,STU_88,COURSE_22,SEM_5,A,Completed
ENR_338,STU_16,COURSE_4,SEM_0,A,Completed
ENR_339,STU_51,COURSE_12,SEM_3,W,Withdrawn
ENR_340,STU_63,COURSE_15,SEM_3,C,Completed
ENR_341,STU_34,COURSE_8,SEM_2,D,Completed
ENR_342,STU_57,COURSE_14,SEM_3,A,Completed
ENR_343,STU_99,COURSE_24,SEM_5,B,Completed
ENR_344,STU_73,COURSE_18,SEM_4,B,Completed
ENR_345,STU_31,COURSE_7,SEM_1,B,Completed
ENR_346,STU_6,COURSE_1,SEM_0,F,Failed
ENR_347,STU_18,COURSE_4,SEM_1,D,Completed
ENR_348,STU_27,COURSE_6,SEM_1,B,Completed
ENR_349,STU_88,COURSE_22,SEM_5,B,Completed
ENR_350,STU_27,COURSE_6,SEM_1,B,Completed
ENR_351,STU_81,COURSE_20,SEM_4,A,Completed
ENR_352,STU_27,COURSE_6,SEM_1,A,Completed
ENR_353,STU_66,COURSE_16,SEM_4,A,Completed
ENR_354,STU_52,COURSE_13,SEM_3,B,Completed
ENR_355,STU_95,COURSE_23,SEM_5,B,Completed
ENR_356,STU_56,COURSE_14,SEM_3,A,Completed
ENR_357,STU_92,COURSE_23,SEM_5,C,Completed
ENR_358,STU_96,COURSE_24,SEM_5,B,Completed
ENR_359,STU_74,COURSE_18,SEM_4,A,Completed
ENR_360,STU_62,COURSE_15,SEM_3,A,Completed
ENR_361,STU_86,COURSE_21,SEM_5,C,Completed
ENR_362,STU_99,COURSE_24,SEM_5,C,Completed
ENR_363,STU_24,COURSE_6,SEM_1,B,Completed
ENR_364,STU_56,COURSE_14,SEM_3,B,Completed
ENR_365,STU_14,COURSE_3,SEM_0,A,Completed
ENR_366,STU_10,COURSE_2,SEM_0,B,Completed
ENR_367,STU_67,COURSE_16,SEM_4,B,Completed
ENR_368,STU_4,COURSE_1,SEM_0,W,Withdrawn
ENR_369,STU_71,COURSE_17,SEM_4,A,Completed
ENR_370,STU_82,COURSE_20,SEM_4,A,Completed
ENR_371,STU_16,COURSE_4,SEM_1,B,Completed
ENR_372,STU_68,COURSE_17,SEM_4,A,Completed
ENR_373,STU_39,COURSE_9,SEM_2,F,Failed
ENR_374,STU_89,COURSE_22,SEM_5,D,Completed
ENR_375,STU_91,COURSE_22,SEM_5,B,Completed
ENR_376,STU_57,COURSE_14,SEM_3,F,Failed
ENR_377,STU_56,COURSE_14,SEM_3,B,Completed
ENR_378,STU_71,COURSE_17,SEM_4,C,Completed
ENR_379,STU_57,COURSE_14,SEM_3,C,Completed
ENR_380,STU_74,COURSE_18,SEM_4,B,Completed
ENR_381,STU_19,COURSE_4,SEM_1,B,Completed
ENR_382,STU_78,COURSE_19,SEM_4,W,Withdrawn
ENR_383,STU_52,COURSE_13,SEM_3,C,Completed
ENR_384,STU_75,COURSE_18,SEM_4,A,Completed
ENR_385,STU_52,COURSE_13,SEM_3,B,Completed
ENR_386,STU_30,COURSE_7,SEM_1,W,Withdrawn
ENR_387,STU_8,COURSE_2,SEM_0,A,Completed
ENR_388,STU_52,COURSE_13,SEM_3,A,Completed
ENR_389,STU_98,COURSE_24,SEM_5,B,Completed
ENR_390,STU_3,COURSE_0,SEM_0,C,Completed
ENR_391,STU_57,COURSE_14,SEM_3,B,Completed
ENR_392,STU_44,COURSE_11,SEM_2,W,Withdrawn
ENR_393,STU_0,COURSE_0,SEM_0,A,Completed
ENR_394,STU_54,COURSE_13,SEM_3,B,Completed
ENR_395,STU_77,COURSE_19,SEM_4,C,Completed
ENR_396,STU_74,COURSE_18,SEM_4,A,Completed
ENR_397,STU_97,COURSE_24,SEM_5,B,Completed
ENR_398,STU_52,COURSE_13,SEM_3,B,Completed
ENR_399,STU_58,COURSE_14,SEM_3,A,Completed
ENR_400,STU_96,COURSE_24,SEM_5,B,Completed
ENR_401,STU_31,COURSE_7,SEM_1,A,Completed
ENR_402,STU_79,COURSE_19,SEM_4,C,Completed
ENR_403,STU_18,COURSE_4,SEM_1,B,Completed
ENR_404,STU_36,COURSE_9,SEM_2,W,Withdrawn
ENR_405,STU_67,COURSE_16,SEM_4,B,Completed
ENR_406,STU_57,COURSE_14,SEM_3,F,Failed
ENR_407,STU_19,COURSE_4,SEM_1,D,Completed
ENR_408,STU_65,COURSE_16,SEM_3,B,Completed
ENR_409,STU_57,COURSE_14,SEM_3,B,Completed
ENR_410,STU_92,COURSE_23,SEM_5,B,Completed
ENR_411,STU_60,COURSE_15,SEM_3,W,Withdrawn
ENR_412,STU_88,COURSE_22,SEM_5,B,Completed
ENR_413,STU_96,COURSE_24,SEM_5,A,Completed
ENR_414,STU_8,COURSE_2,SEM_0,B,Completed
ENR_415,STU_7,COURSE_1,SEM_0,B,Completed
ENR_416,STU_50,COURSE_12,SEM_3,B,Completed
ENR_417,STU_49,COURSE_12,SEM_2,B,Completed
ENR_418,STU_55,COURSE_13,SEM_3,D,Completed
ENR_419,STU_74,COURSE_18,SEM_4,B,Completed
ENR_420,STU_31,COURSE_7,SEM_1,C,Completed
ENR_421,STU_17,COURSE_4,SEM_1,A,Completed
ENR_422,STU_68,COURSE_17,SEM_4,B,Completed
ENR_423,STU_38,COURSE_9,SEM_2,W,Withdrawn
ENR_424,STU_92,COURSE_23,SEM_5,B,Completed
ENR_425,STU_6,COURSE_1,SEM_0,W,Withdrawn
ENR_426,STU_70,COURSE_17,SEM_4,B,Completed
ENR_427,STU_72,COURSE_18,SEM_4,A,Completed
ENR_428,STU_27,COURSE_6,SEM_1,W,Withdrawn
ENR_429,STU_8,COURSE_2,SEM_0,A,Completed
ENR_430,STU_31,COURSE_7,SEM_1,C,Completed
ENR_431,STU_39,COURSE_9,SEM_2,A,Completed
ENR_432,STU_97,COURSE_24,SEM_5,D,Completed
ENR_433,STU_87,COURSE_21,SEM_5,B,Completed
ENR_434,STU_23,COURSE_5,SEM_1,A,Completed
ENR_435,STU_47,COURSE_11,SEM_2,C,Completed
ENR_436,STU_59,COURSE_14,SEM_3,B,Completed
ENR_437,STU_91,COURSE_22,SEM_5,A,Completed
ENR_438,STU_13,COURSE_3,SEM_0,B,Completed
ENR_439,STU_76,COURSE_19,SEM_4,C,Completed
ENR_440,STU_92,COURSE_23,SEM_5,C,Completed
ENR_441,STU_91,COURSE_22,SEM_5,C,Completed
ENR_442,STU_27,COURSE_6,SEM_1,A,Completed
ENR_443,STU_12,COURSE_3,SEM_0,B,Completed
ENR_444,STU_59,COURSE_14,SEM_3,B,Completed
ENR_445,STU_7,COURSE_1,SEM_0,A,Completed
ENR_446,STU_12,COURSE_3,SEM_0,A,Completed
ENR_447,STU_7,COURSE_1,SEM_0,B,Completed
ENR_448,STU_21,COURSE_5,SEM_1,C,Completed
ENR_449,STU_86,COURSE_21,SEM_5,B,Completed
ENR_450,STU_67,COURSE_16,SEM_4,C,Completed
ENR_451,STU_63,COURSE_15,SEM_3,A,Completed
ENR_452,STU_98,COURSE_24,SEM_5,B,Completed
ENR_453,STU_49,COURSE_12,SEM_2,C,Completed
ENR_454,STU_3,COURSE_0,SEM_0,D,Completed
ENR_455,STU_16,COURSE_4,SEM_0,A,Completed
ENR_456,STU_26,COURSE_6,SEM_1,A,Completed
ENR_457,STU_67,COURSE_16,SEM_4,D,Completed
ENR_458,STU_35,COURSE_8,SEM_2,A,Completed
ENR_459,STU_31,COURSE_7,SEM_1,B,Completed
ENR_460,STU_11,COURSE_2,SEM_0,F,Failed
ENR_461,STU_71,COURSE_17,SEM_4,B,Completed
ENR_462,STU_2,COURSE_0,SEM_0,W,Withdrawn
ENR_463,STU_46,COURSE_11,SEM_2,W,Withdrawn
ENR_464,STU_74,COURSE_18,SEM_4,B,Completed
ENR_465,STU_50,COURSE_12,SEM_3,B,Completed
ENR_466,STU_68,COURSE_17,SEM_4,C,Completed
ENR_467,STU_78,COURSE_19,SEM_4,C,Completed
ENR_468,STU_22,COURSE_5,SEM_1,C,Completed
ENR_469,STU_9,COURSE_2,SEM_0,D,Completed
ENR_470,STU_5,COURSE_1,SEM_0,A,Completed
ENR_471,STU_57,COURSE_14,SEM_3,C,Completed
ENR_472,STU_26,COURSE_6,SEM_1,B,Completed
ENR_473,STU_19,COURSE_4,SEM_1,A,Completed
ENR_474,STU_73,COURSE_18,SEM_4,F,Failed
ENR_475,STU_80,COURSE_20,SEM_4,A,Completed
ENR_476,STU_95,COURSE_23,SEM_5,F,Failed
ENR_477,STU_48,COURSE_12,SEM_2,A,Completed
ENR_478,STU_52,COURSE_13,SEM_3,B,Completed
ENR_479,STU_98,COURSE_24,SEM_5,A,Completed
ENR_480,STU_50,COURSE_12,SEM_3,A,Completed
ENR_481,STU_18,COURSE_4,SEM_1,C,Completed
ENR_482,STU_25,COURSE_6,SEM_1,A,Completed
ENR_483,STU_96,COURSE_24,SEM_5,A,Completed
ENR_484,STU_4,COURSE_1,SEM_0,F,Failed
ENR_485,STU_80,COURSE_20,SEM_4,A,Completed
ENR_486,STU_64,COURSE_16,SEM_3,B,Completed
ENR_487,STU_48,COURSE_12,SEM_2,C,Completed
ENR_488,STU_83,COURSE_20,SEM_5,C,Completed
ENR_489,STU_81,COURSE_20,SEM_4,F,Failed
ENR_490,STU_43,COURSE_10,SEM_2,F,Failed
ENR_491,STU_60,COURSE_15,SEM_3,W,Withdrawn
ENR_492,STU_76,COURSE_19,SEM_4,W,Withdrawn
ENR_493,STU_65,COURSE_16,SEM_3,C,Completed
ENR_494,STU_48,COURSE_12,SEM_2,C,Completed
ENR_495,STU_91,COURSE_22,SEM_5,A,Completed
ENR_496,STU_88,COURSE_22,SEM_5,B,Completed
ENR_497,STU_6,COURSE_1,SEM_0,B,Completed
ENR_498,STU_54,COURSE_13,SEM_3,B,Completed
ENR_499,STU_83,COURSE_20,SEM_5,A,Completed
ENR_500,STU_8,COURSE_2,SEM_0,A,Completed
ENR_501,STU_38,COURSE_9,SEM_2,A,Completed
ENR_502,STU_50,COURSE_12,SEM_3,B,Completed
ENR_503,STU_32,COURSE_8,SEM_1,A,Completed
ENR_504,STU_69,COURSE_17,SEM_4,A,Completed
ENR_505,STU_99,COURSE_24,SEM_5,W,Withdrawn
ENR_506,STU_36,COURSE_9,SEM_2,D,Completed
ENR_507,STU_78,COURSE_19,SEM_4,A,Completed
ENR_508,STU_11,COURSE_2,SEM_0,A,Completed
ENR_509,STU_48,COURSE_12,SEM_2,B,Completed
ENR_510,STU_0,COURSE_0,SEM_0,C,Completed
ENR_511,STU_42,COURSE_10,SEM_2,A,Completed
ENR_512,STU_1,COURSE_0,SEM_0,A,Completed
ENR_513,STU_87,COURSE_21,SEM_5,W,Withdrawn
ENR_514,STU_96,COURSE_24,SEM_5,D,Completed
ENR_515,STU_8,COURSE_2,SEM_0,B,Completed
ENR_516,STU_81,COURSE_20,SEM_4,B,Completed
ENR_517,STU_70,COURSE_17,SEM_4,B,Completed
ENR_518,STU_30,COURSE_7,SEM_1,A,Completed
ENR_519,STU_78,COURSE_19,SEM_4,B,Completed
ENR_520,STU_96,COURSE_24,SEM_5,C,Completed
ENR_521,STU_79,COURSE_19,SEM_4,A,Completed
ENR_522,STU_69,COURSE_17,SEM_4,C,Completed
ENR_523,STU_32,COURSE_8,SEM_1,B,Completed
ENR_524,STU_60,COURSE_15,SEM_3,C,Completed
ENR_525,STU_79,COURSE_19,SEM_4,W,Withdrawn
ENR_526,STU_71,COURSE_17,SEM_4,B,Completed
ENR_527,STU_22,COURSE_5,SEM_1,W,Withdrawn
ENR_528,STU_41,COURSE_10,SEM_2,A,Completed
ENR_529,STU_36,COURSE_9,SEM_2,B,Completed
ENR_530,STU_69,COURSE_17,SEM_4,B,Completed
ENR_531,STU_41,COURSE_10,SEM_2,A,Completed
ENR_532,STU_41,COURSE_10,SEM_2,C,Completed
ENR_533,STU_54,COURSE_13,SEM_3,C,Completed
ENR_534,STU_57,COURSE_14,SEM_3,C,Completed
ENR_535,STU_11,COURSE_2,SEM_0,W,Withdrawn
ENR_536,STU_92,COURSE_23,SEM_5,B,Completed
ENR_537,STU_40,COURSE_10,SEM_2,C,Completed
ENR_538,STU_17,COURSE_4,SEM_1,B,Completed
ENR_539,STU_0,COURSE_0,SEM_0,F,Failed
ENR_540,STU_43,COURSE_10,SEM_2,A,Completed
ENR_541,STU_74,COURSE_18,SEM_4,W,Withdrawn
ENR_542,STU_29,COURSE_7,SEM_1,W,Withdrawn
ENR_543,STU_85,COURSE_21,SEM_5,B,Completed
ENR_544,STU_19,COURSE_4,SEM_1,B,Completed
ENR_545,STU_13,COURSE_3,SEM_0,C,Completed
ENR_546,STU_39,COURSE_9,SEM_2,B,Completed
ENR_547,STU_70,COURSE_17,SEM_4,D,Completed
ENR_548,STU_29,COURSE_7,SEM_1,B,Completed
ENR_549,STU_82,COURSE_20,SEM_4,C,Completed
ENR_550,STU_2,COURSE_0,SEM_0,B,Completed
ENR_551,STU_98,COURSE_24,SEM_5,A,Completed
ENR_552,STU_4,COURSE_1,SEM_0,B,Completed
ENR_553,STU_84,COURSE_21,SEM_5,B,Completed
ENR_554,STU_0,COURSE_0,SEM_0,C,Completed
ENR_555,STU_42,COURSE_10,SEM_2,A,Completed
ENR_556,STU_30,COURSE_7,SEM_1,C,Completed
ENR_557,STU_97,COURSE_24,SEM_5,B,Completed
ENR_558,STU_65,COURSE_16,SEM_3,C,Completed
ENR_559,STU_97,COURSE_24,SEM_5,A,Completed
ENR_560,STU_41,COURSE_10,SEM_2,W,Withdrawn
ENR_561,STU_50,COURSE_12,SEM_3,A,Completed
ENR_562,STU_50,COURSE_12,SEM_3,W,Withdrawn
ENR_563,STU_75,COURSE_18,SEM_4,F,Failed
ENR_564,STU_50,COURSE_12,SEM_3,W,Withdrawn
ENR_565,STU_91,COURSE_22,SEM_5,A,Completed
ENR_566,STU_19,COURSE_4,SEM_1,F,Failed
ENR_567,STU_47,COURSE_11,SEM_2,B,Completed
ENR_568,STU_24,COURSE_6,SEM_1,B,Completed
ENR_569,STU_86,COURSE_21,SEM_5,C,Completed
ENR_570,STU_13,COURSE_3,SEM_0,C,Completed
ENR_571,STU_70,COURSE_17,SEM_4,C,Completed
ENR_572,STU_91,COURSE_22,SEM_5,W,Withdrawn
ENR_573,STU_29,COURSE_7,SEM_1,A,Completed
ENR_574,STU_27,COURSE_6,SEM_1,C,Completed
ENR_575,STU_76,COURSE_19,SEM_4,B,Completed
ENR_576,STU_59,COURSE_14,SEM_3,D,Completed
ENR_577,STU_57,COURSE_14,SEM_3,B,Completed
ENR_578,STU_88,COURSE_22,SEM_5,F,Failed
ENR_579,STU_9,COURSE_2,SEM_0,C,Completed
ENR_580,STU_27,COURSE_6,SEM_1,D,Completed
ENR_581,STU_39,COURSE_9,SEM_2,B,Completed
ENR_582,STU_91,COURSE_22,SEM_5,D,Completed
ENR_583,STU_7,COURSE_1,SEM_0,B,Completed
ENR_584,STU_45,COURSE_11,SEM_2,B,Completed
ENR_585,STU_47,COURSE_11,SEM_2,W,Withdrawn
ENR_586,STU_1,COURSE_0,SEM_0,A,Completed
ENR_587,STU_42,COURSE_10,SEM_2,A,Completed
ENR_588,STU_64,COURSE_16,SEM_3,D,Completed
ENR_589,STU_42,COURSE_10,SEM_2,A,Completed
ENR_590,STU_30,COURSE_7,SEM_1,A,Completed
ENR_591,STU_58,COURSE_14,SEM_3,B,Completed
ENR_592,STU_98,COURSE_24,SEM_5,F,Failed
ENR_593,STU_12,COURSE_3,SEM_0,B,Completed
ENR_594,STU_28,COURSE_7,SEM_1,W,Withdrawn
ENR_595,STU_93,COURSE_23,SEM_5,B,Completed
ENR_596,STU_29,COURSE_7,SEM_1,C,Completed
ENR_597,STU_68,COURSE_17,SEM_4,C,Completed
ENR_598,STU_35,COURSE_8,SEM_2,C,Completed
ENR_599,STU_82,COURSE_20,SEM_4,B,Completed
ENR_600,STU_58,COURSE_14,SEM_3,A,Completed
ENR_601,STU_89,COURSE_22,SEM_5,F,Failed
ENR_602,STU_63,COURSE_15,SEM_3,B,Completed
ENR_603,STU_58,COURSE_14,SEM_3,C,Completed
ENR_604,STU_48,COURSE_12,SEM_2,F,Failed
ENR_605,STU_4,COURSE_1,SEM_0,A,Completed
ENR_606,STU_12,COURSE_3,SEM_0,D,Completed
ENR_607,STU_71,COURSE_17,SEM_4,D,Completed
ENR_608,STU_63,COURSE_15,SEM_3,B,Completed
ENR_609,STU_56,COURSE_14,SEM_3,C,Completed
ENR_610,STU_11,COURSE_2,SEM_0,F,Failed
ENR_611,STU_82,COURSE_20,SEM_4,B,Completed
ENR_612,STU_79,COURSE_19,SEM_4,B,Completed
ENR_613,STU_53,COURSE_13,SEM_3,D,Completed
ENR_614,STU_25,COURSE_6,SEM_1,B,Completed
ENR_615,STU_81,COURSE_20,SEM_4,B,Completed
ENR_616,STU_52,COURSE_13,SEM_3,A,Completed
ENR_617,STU_99,COURSE_24,SEM_5,B,Completed
ENR_618,STU_28,COURSE_7,SEM_1,B,Completed
ENR_619,STU_35,COURSE_8,SEM_2,C,Completed
ENR_620,STU_80,COURSE_20,SEM_4,B,Completed
ENR_621,STU_17,COURSE_4,SEM_1,F,Failed
ENR_622,STU_32,COURSE_8,SEM_1,B,Completed
ENR_623,STU_39,COURSE_9,SEM_2,B,Completed
ENR_624,STU_72,COURSE_18,SEM_4,C,Completed
ENR_625,STU_75,COURSE_18,SEM_4,B,Completed
ENR_626,STU_78,COURSE_19,SEM_4,W,Withdrawn
ENR_627,STU_43,COURSE_10,SEM_2,B,Completed
ENR_628,STU_61,COURSE_15,SEM_3,B,Completed
ENR_629,STU_58,COURSE_14,SEM_3,A,Completed
ENR_630,STU_77,COURSE_19,SEM_4,B,Completed
ENR_631,STU_12,COURSE_3,SEM_0,B,Completed
ENR_632,STU_31,COURSE_7,SEM_1,W,Withdrawn
ENR_633,STU_72,COURSE_18,SEM_4,A,Completed
ENR_634,STU_20,COURSE_5,SEM_1,C,Completed
ENR_635,STU_28,COURSE_7,SEM_1,B,Completed
ENR_636,STU_97,COURSE_24,SEM_5,A,Completed
ENR_637,STU_19,COURSE_4,SEM_1,C,Completed
ENR_638,STU_99,COURSE_24,SEM_5,B,Completed
ENR_639,STU_86,COURSE_21,SEM_5,B,Completed
ENR_640,STU_15,COURSE_3,SEM_0,A,Completed
ENR_641,STU_56,COURSE_14,SEM_3,F,Failed
ENR_642,STU_32,COURSE_8,SEM_1,A,Completed
ENR_643,STU_48,COURSE_12,SEM_2,F,Failed
ENR_644,STU_60,COURSE_15,SEM_3,A,Completed
ENR_645,STU_89,COURSE_22,SEM_5,C,Completed
ENR_646,STU_93,COURSE_23,SEM_5,F,Failed
ENR_647,STU_8,COURSE_2,SEM_0,A,Completed
ENR_648,STU_17,COURSE_4,SEM_1,A,Completed
ENR_649,STU_69,COURSE_17,SEM_4,B,Completed
ENR_650,STU_20,COURSE_5,SEM_1,F,Failed
ENR_651,STU_32,COURSE_8,SEM_1,C,Completed
ENR_652,STU_58,COURSE_14,SEM_3,B,Completed
ENR_653,STU_17,COURSE_4,SEM_1,A,Completed
ENR_654,STU_99,COURSE_24,SEM_5,W,Withdrawn
ENR_655,STU_67,COURSE_16,SEM_4,F,Failed
ENR_656,STU_22,COURSE_5,SEM_1,W,Withdrawn
ENR_657,STU_36,COURSE_9,SEM_2,W,Withdrawn
ENR_658,STU_64,COURSE_16,SEM_3,F,Failed
ENR_659,STU_32,COURSE_8,SEM_1,F,Failed
ENR_660,STU_62,COURSE_15,SEM_3,A,Completed
ENR_661,STU_94,COURSE_23,SEM_5,B,Completed
ENR_662,STU_36,COURSE_9,SEM_2,B,Completed
ENR_663,STU_19,COURSE_4,SEM_1,B,Completed
ENR_664,STU_28,COURSE_7,SEM_1,C,Completed
ENR_665,STU_51,COURSE_12,SEM_3,C,Completed
ENR_666,STU_55,COURSE_13,SEM_3,A,Completed
ENR_667,STU_2,COURSE_0,SEM_0,B,Completed
ENR_668,STU_64,COURSE_16,SEM_3,B,Completed
ENR_669,STU_16,COURSE_4,SEM_0,A,Completed
ENR_670,STU_62,COURSE_15,SEM_3,B,Completed
ENR_671,STU_88,COURSE_22,SEM_5,F,Failed
ENR_672,STU_19,COURSE_4,SEM_1,A,Completed
ENR_673,STU_78,COURSE_19,SEM_4,B,Completed
ENR_674,STU_3,COURSE_0,SEM_0,W,Withdrawn
ENR_675,STU_55,COURSE_13,SEM_3,B,Completed
ENR_676,STU_66,COURSE_16,SEM_4,C,Completed
ENR_677,STU_22,COURSE_5,SEM_1,C,Completed
ENR_678,STU_78,COURSE_19,SEM_4,D,Completed
ENR_679,STU_55,COURSE_13,SEM_3,C,Completed
ENR_680,STU_41,COURSE_10,SEM_2,A,Completed
ENR_681,STU_1,COURSE_0,SEM_0,C,Completed
ENR_682,STU_13,COURSE_3,SEM_0,C,Completed
ENR_683,STU_71,COURSE_17,SEM_4,F,Failed
ENR_684,STU_40,COURSE_10,SEM_2,B,Completed
ENR_685,STU_71,COURSE_17,SEM_4,B,Completed
ENR_686,STU_96,COURSE_24,SEM_5,B,Completed
ENR_687,STU_64,COURSE_16,SEM_3,C,Completed
ENR_688,STU_74,COURSE_18,SEM_4,F,Failed
ENR_689,STU_61,COURSE_15,SEM_3,B,Completed
ENR_690,STU_30,COURSE_7,SEM_1,D,Completed
ENR_691,STU_7,COURSE_1,SEM_0,B,Completed
ENR_692,STU_61,COURSE_15,SEM_3,A,Completed
ENR_693,STU_24,COURSE_6,SEM_1,D,Completed
ENR_694,STU_12,COURSE_3,SEM_0,A,Completed
ENR_695,STU_57,COURSE_14,SEM_3,A,Completed
ENR_696,STU_61,COURSE_15,SEM_3,B,Completed
ENR_697,STU_39,COURSE_9,SEM_2,D,Completed
ENR_698,STU_62,COURSE_15,SEM_3,C,Completed
ENR_699,STU_99,COURSE_24,SEM_5,A,Completed
ENR_700,STU_75,COURSE_18,SEM_4,B,Completed
ENR_701,STU_92,COURSE_23,SEM_5,D,Completed
ENR_702,STU_6,COURSE_1,SEM_0,D,Completed
ENR_703,STU_15,COURSE_3,SEM_0,A,Completed
ENR_704,STU_35,COURSE_8,SEM_2,B,Completed
ENR_705,STU_58,COURSE_14,SEM_3,C,Completed
ENR_706,STU_69,COURSE_17,SEM_4,A,Completed
ENR_707,STU_69,COURSE_17,SEM_4,B,Completed
ENR_708,STU_90,COURSE_22,SEM_5,F,Failed
ENR_709,STU_13,COURSE_3,SEM_0,A,Completed
ENR_710,STU_17,COURSE_4,SEM_1,C,Completed
ENR_711,STU_31,COURSE_7,SEM_1,D,Completed
ENR_712,STU_16,COURSE_4,SEM_1,W,Withdrawn
ENR_713,STU_71,COURSE_17,SEM_4,D,Completed
ENR_714,STU_41,COURSE_10,SEM_2,A,Completed
ENR_715,STU_90,COURSE_22,SEM_5,A,Completed
ENR_716,STU_28,COURSE_7,SEM_1,D,Completed
ENR_717,STU_34,COURSE_8,SEM_2,C,Completed
ENR_718,STU_29,COURSE_7,SEM_1,C,Completed
ENR_719,STU_23,COURSE_5,SEM_1,B,Completed
ENR_720,STU_84,COURSE_21,SEM_5,B,Completed
ENR_721,STU_82,COURSE_20,SEM_4,A,Completed
ENR_722,STU_29,COURSE_7,SEM_1,F,Failed
ENR_723,STU_58,COURSE_14,SEM_3,A,Completed
ENR_724,STU_87,COURSE_21,SEM_5,F,Failed
ENR_725,STU_47,COURSE_11,SEM_2,B,Completed
ENR_726,STU_90,COURSE_22,SEM_5,A,Completed
ENR_727,STU_25,COURSE_6,SEM_1,B,Completed
ENR_728,STU_22,COURSE_5,SEM_1,B,Completed
ENR_729,STU_7,COURSE_1,SEM_0,B,Completed
ENR_730,STU_63,COURSE_15,SEM_3,W,Withdrawn
ENR_731,STU_1,COURSE_0,SEM_0,D,Completed
ENR_732,STU_17,COURSE_4,SEM_1,W,Withdrawn
ENR_733,STU_57,COURSE_14,SEM_3,F,Failed
ENR_734,STU_44,COURSE_11,SEM_2,A,Completed
ENR_735,STU_19,COURSE_4,SEM_1,W,Withdrawn
ENR_736,STU_51,COURSE_12,SEM_3,A,Completed
ENR_737,STU_97,COURSE_24,SEM_5,B,Completed
ENR_738,STU_98,COURSE_24,SEM_5,F,Failed
ENR_739,STU_10,COURSE_2,SEM_0,F,Failed
ENR_740,STU_75,COURSE_18,SEM_4,B,Completed
ENR_741,STU_45,COURSE_11,SEM_2,D,Completed
ENR_742,STU_46,COURSE_11,SEM_2,C,Completed
ENR_743,STU_39,COURSE_9,SEM_2,B,Completed
ENR_744,STU_83,COURSE_20,SEM_5,B,Completed
ENR_745,STU_23,COURSE_5,SEM_1,B,Completed
ENR_746,STU_58,COURSE_14,SEM_3,A,Completed
ENR_747,STU_74,COURSE_18,SEM_4,B,Completed
ENR_748,STU_41,COURSE_10,SEM_2,D,Completed
ENR_749,STU_64,COURSE_16,SEM_3,B,Completed
ENR_750,STU_11,COURSE_2,SEM_0,F,Failed
ENR_751,STU_72,COURSE_18,SEM_4,C,Completed
ENR_752,STU_30,COURSE_7,SEM_1,D,Completed
ENR_753,STU_8,COURSE_2,SEM_0,B,Completed
ENR_754,STU_29,COURSE_7,SEM_1,C,Completed
ENR_755,STU_35,COURSE_8,SEM_2,W,Withdrawn
ENR_756,STU_64,COURSE_16,SEM_3,C,Completed
ENR_757,STU_51,COURSE_12,SEM_3,F,Failed
ENR_758,STU_83,COURSE_20,SEM_4,A,Completed
ENR_759,STU_42,COURSE_10,SEM_2,C,Completed
ENR_760,STU_88,COURSE_22,SEM_5,C,Completed
ENR_761,STU_4,COURSE_1,SEM_0,F,Failed
ENR_762,STU_32,COURSE_8,SEM_1,A,Completed
ENR_763,STU_19,COURSE_4,SEM_1,D,Completed
ENR_764,STU_38,COURSE_9,SEM_2,B,Completed
ENR_765,STU_94,COURSE_23,SEM_5,W,Withdrawn
ENR_766,STU_13,COURSE_3,SEM_0,A,Completed
ENR_767,STU_16,COURSE_4,SEM_0,F,Failed
ENR_768,STU_40,COURSE_10,SEM_2,W,Withdrawn
ENR_769,STU_85,COURSE_21,SEM_5,W,Withdrawn
ENR_770,STU_0,COURSE_0,SEM_0,C,Completed
ENR_771,STU_82,COURSE_20,SEM_4,B,Completed
ENR_772,STU_77,COURSE_19,SEM_4,B,Completed
ENR_773,STU_39,COURSE_9,SEM_2,B,Completed
ENR_774,STU_4,COURSE_1,SEM_0,C,Completed
ENR_775,STU_46,COURSE_11,SEM_2,D,Completed
ENR_776,STU_70,COURSE_17,SEM_4,D,Completed
ENR_777,STU_82,COURSE_20,SEM_4,A,Completed
ENR_778,STU_15,COURSE_3,SEM_0,W,Withdrawn
ENR_779,STU_68,COURSE_17,SEM_4,C,Completed
ENR_780,STU_55,COURSE_13,SEM_3,C,Completed
ENR_781,STU_83,COURSE_20,SEM_5,B,Completed
ENR_782,STU_71,COURSE_17,SEM_4,A,Completed
ENR_783,STU_75,COURSE_18,SEM_4,A,Completed
ENR_784,STU_85,COURSE_21,SEM_5,D,Completed
ENR_785,STU_69,COURSE_17,SEM_4,B,Completed
ENR_786,STU_39,COURSE_9,SEM_2,C,Completed
ENR_787,STU_91,COURSE_22,SEM_5,F,Failed
ENR_788,STU_55,COURSE_13,SEM_3,C,Completed
ENR_789,STU_82,COURSE_20,SEM_4,C,Completed
ENR_790,STU_10,COURSE_2,SEM_0,A,Completed
ENR_791,STU_17,COURSE_4,SEM_1,A,Completed
ENR_792,STU_54,COURSE_13,SEM_3,B,Completed
ENR_793,STU_74,COURSE_18,SEM_4,C,Completed
ENR_794,STU_95,COURSE_23,SEM_5,F,Failed
ENR_795,STU_8,COURSE_2,SEM_0,D,Completed
ENR_796,STU_86,COURSE_21,SEM_5,B,Completed
ENR_797,STU_42,COURSE_10,SEM_2,C,Completed
ENR_798,STU_95,COURSE_23,SEM_5,A,Completed
ENR_799,STU_39,COURSE_9,SEM_2,C,Completed
